{"cameraMode":{"drawMode":0,"name":"Shaded","section":"Shading Mode"},"sceneLighting":true,"audioPlay":false,"sceneViewState":{"m_AlwaysRefresh":false,"showFog":true,"showSkybox":true,"showFlares":true,"showImageEffects":true,"showParticleSystems":true,"showVisualEffectGraphs":true,"m_FxEnabled":true},"in2DMode":false,"pivot":{"x":6.682019233703613,"y":8.816640853881836,"z":5.409473419189453},"rotation":{"x":-0.1006387397646904,"y":-0.0038825967349112036,"z":0.0003935514541808516,"w":-0.9949185252189636},"size":19.866579055786134,"orthographic":false}